,Date,Open,High,Low,Close,Adj Close,Volume,Stock Name,closes_date,compund
0,2021-09-30,260.3333435058594,263.0433349609375,258.3333435058594,258.49334716796875,258.49334716796875,53868000,TSLA,2021-09-30,0.23155222222222221
1,2021-10-01,259.4666748046875,260.260009765625,254.52999877929688,258.4066772460937,258.4066772460937,51094200,TSLA,2021-10-01,0.25479666666666667
2,2021-10-04,265.5,268.989990234375,258.7066650390625,260.510009765625,260.510009765625,91449900,TSLA,2021-10-04,0.1815388888888889
3,2021-10-05,261.6000061035156,265.7699890136719,258.0666809082031,260.1966552734375,260.1966552734375,55297800,TSLA,2021-10-05,0.06944545454545455
4,2021-10-06,258.7333374023437,262.2200012207031,257.739990234375,260.9166564941406,260.9166564941406,43898400,TSLA,2021-10-06,0.1999397435897436
5,2021-10-07,261.82000732421875,268.3333435058594,261.1266784667969,264.53668212890625,264.53668212890625,57587400,TSLA,2021-10-07,0.19254817518248177
6,2021-10-08,265.4033203125,265.4599914550781,260.3033447265625,261.8299865722656,261.8299865722656,50215800,TSLA,2021-10-08,0.2562114942528736
7,2021-10-11,262.54998779296875,267.0799865722656,261.8333435058594,263.9800109863281,263.9800109863281,42600900,TSLA,2021-10-11,0.20871937499999998
8,2021-10-12,266.9766540527344,270.7733459472656,265.5233459472656,268.5733337402344,268.5733337402344,66060000,TSLA,2021-10-12,0.19125478260869563
9,2021-10-13,270.1566772460937,271.8033447265625,268.59332275390625,270.3599853515625,270.3599853515625,42360300,TSLA,2021-10-13,0.16009655172413792
10,2021-10-14,271.8299865722656,273.4166564941406,271.1166687011719,272.7733459472656,272.7733459472656,36741600,TSLA,2021-10-14,0.1584252336448598
11,2021-10-15,274.5799865722656,281.07000732421875,274.1166687011719,281.010009765625,281.010009765625,56773800,TSLA,2021-10-15,0.1282324074074074
12,2021-10-18,283.92999267578125,291.7533264160156,283.8233337402344,290.03668212890625,290.03668212890625,72621600,TSLA,2021-10-18,0.21745447154471545
13,2021-10-19,292.510009765625,292.6499938964844,287.5033264160156,288.0899963378906,288.0899963378906,52143300,TSLA,2021-10-19,0.15556607142857143
14,2021-10-20,288.45001220703125,289.8299865722656,285.7933349609375,288.6000061035156,288.6000061035156,42096300,TSLA,2021-10-20,0.1229
15,2021-10-21,285.3333435058594,300.0,285.1666564941406,298.0,298.0,94444500,TSLA,2021-10-21,0.18600055555555556
16,2021-10-22,298.5,303.3333435058594,296.9866638183594,303.2266540527344,303.2266540527344,68642400,TSLA,2021-10-22,0.19943964757709248
17,2021-10-25,316.84332275390625,348.3399963378906,314.7333374023437,341.6199951171875,341.6199951171875,188556300,TSLA,2021-10-25,0.21242523719165085
18,2021-10-26,341.5633239746094,364.9800109863281,333.8133239746094,339.4766540527344,339.4766540527344,187245000,TSLA,2021-10-26,0.17766932773109242
19,2021-10-27,346.5533447265625,356.9599914550781,343.59332275390625,345.9533386230469,345.9533386230469,115579500,TSLA,2021-10-27,0.13823276836158194
20,2021-10-28,356.10333251953125,360.3333435058594,351.3999938964844,359.0133361816406,359.0133361816406,81639600,TSLA,2021-10-28,0.18528719999999999
21,2021-10-29,360.6199951171875,371.7366638183594,357.7366638183594,371.3333435058594,371.3333435058594,89755200,TSLA,2021-10-29,0.20156232394366197
22,2021-11-01,381.6666564941406,403.25,372.88665771484375,402.86334228515625,402.86334228515625,168146100,TSLA,2021-11-01,0.23707111111111112
23,2021-11-02,386.4533386230469,402.86334228515625,382.0,390.6666564941406,390.6666564941406,128213400,TSLA,2021-11-02,0.1554531707317073
24,2021-11-03,392.4433288574219,405.1300048828125,384.2066650390625,404.6199951171875,404.6199951171875,103885500,TSLA,2021-11-03,0.14694153846153846
25,2021-11-04,411.4700012207031,414.4966735839844,405.6666564941406,409.9700012207031,409.9700012207031,76192200,TSLA,2021-11-04,0.19998322147651007
26,2021-11-05,409.3333435058594,413.2900085449219,402.6666564941406,407.36334228515625,407.36334228515625,64886400,TSLA,2021-11-05,0.23401414141414142
27,2021-11-08,383.2633361816406,399.0,377.6666564941406,387.6466674804688,387.6466674804688,100337100,TSLA,2021-11-08,0.1682364640883978
28,2021-11-09,391.2000122070313,391.5,337.17333984375,341.1666564941406,341.1666564941406,177317400,TSLA,2021-11-09,0.16988805970149254
29,2021-11-10,336.8033447265625,359.3666687011719,329.10333251953125,355.9833374023437,355.9833374023437,128408100,TSLA,2021-11-10,0.16112857142857143
30,2021-11-11,367.5899963378906,368.3233337402344,351.5599975585937,354.5033264160156,354.5033264160156,67189800,TSLA,2021-11-11,0.2473112582781457
31,2021-11-12,349.1666564941406,351.5,339.7333374023437,344.47332763671875,344.47332763671875,76719300,TSLA,2021-11-12,0.2666272727272727
32,2021-11-15,339.2099914550781,343.99334716796875,326.20001220703125,337.7966613769531,337.7966613769531,104326800,TSLA,2021-11-15,0.1776012605042017
33,2021-11-16,334.4366760253906,352.3999938964844,334.0599975585937,351.57666015625,351.57666015625,79627200,TSLA,2021-11-16,0.16675968992248064
34,2021-11-17,354.5033264160156,373.21331787109375,351.8333435058594,363.0033264160156,363.0033264160156,94336200,TSLA,2021-11-17,0.20657699115044248
35,2021-11-18,368.8500061035156,370.6666564941406,358.3399963378906,365.4599914550781,365.4599914550781,62696700,TSLA,2021-11-18,0.1817234375
36,2021-11-19,366.2900085449219,379.5733337402344,364.23333740234375,379.0199890136719,379.0199890136719,64926900,TSLA,2021-11-19,0.1891625
37,2021-11-22,387.4433288574219,400.6499938964844,377.4766540527344,385.6233215332031,385.6233215332031,99217500,TSLA,2021-11-22,0.18939455445544554
38,2021-11-23,389.1700134277344,393.5,354.2333374023437,369.6766662597656,369.6766662597656,108515100,TSLA,2021-11-23,0.1950674603174603
39,2021-11-24,360.1300048828125,377.5899963378906,354.0,372.0,372.0,67680600,TSLA,2021-11-24,0.27059182389937103
40,2021-11-26,366.489990234375,369.5933227539063,360.3333435058594,360.6400146484375,360.6400146484375,35042700,TSLA,2021-11-26,0.08983358208955225
41,2021-11-29,366.9966735839844,380.8900146484375,366.7300109863281,378.9966735839844,378.9966735839844,58393500,TSLA,2021-11-29,0.2314418439716312
42,2021-11-30,381.4566650390625,389.3333435058594,372.6666564941406,381.586669921875,381.586669921875,81276000,TSLA,2021-11-30,0.12931326530612244
43,2021-12-01,386.8999938964844,390.9466552734375,363.586669921875,365.0,365.0,68450400,TSLA,2021-12-01,0.16871565217391304
44,2021-12-02,366.3533325195313,371.0,352.2166748046875,361.5333251953125,361.5333251953125,73114800,TSLA,2021-12-02,0.11983189655172415
45,2021-12-03,361.5966796875,363.5266723632813,333.4033203125,338.3233337402344,338.3233337402344,92322000,TSLA,2021-12-03,0.20894054054054056
46,2021-12-06,333.836669921875,340.5466613769531,316.8333435058594,336.336669921875,336.336669921875,81663000,TSLA,2021-12-06,0.19800260869565217
47,2021-12-07,348.0666809082031,352.5566711425781,342.2699890136719,350.5833435058594,350.5833435058594,56084700,TSLA,2021-12-07,0.16254913793103448
48,2021-12-08,350.9033203125,357.4599914550781,344.3333435058594,356.32000732421875,356.32000732421875,41906400,TSLA,2021-12-08,0.2760970588235294
49,2021-12-09,353.5466613769531,354.163330078125,334.1199951171875,334.6000061035156,334.6000061035156,59438400,TSLA,2021-12-09,0.10776822429906542
50,2021-12-10,336.25,340.32666015625,327.510009765625,339.010009765625,339.010009765625,59664300,TSLA,2021-12-10,0.21045111111111112
51,2021-12-13,333.6966552734375,335.0,317.1400146484375,322.1366577148437,322.1366577148437,78595500,TSLA,2021-12-13,0.16543551912568305
52,2021-12-14,315.0,322.1366577148437,310.0,319.5033264160156,319.5033264160156,70806300,TSLA,2021-12-14,0.13807518796992482
53,2021-12-15,317.7366638183594,326.25,309.4166564941406,325.3299865722656,325.3299865722656,75169200,TSLA,2021-12-15,0.18522156862745098
54,2021-12-16,331.5,331.6600036621094,307.2833251953125,308.97332763671875,308.97332763671875,82771500,TSLA,2021-12-16,0.21368157894736842
55,2021-12-17,304.92333984375,320.2200012207031,303.0133361816406,310.8566589355469,310.8566589355469,100437300,TSLA,2021-12-17,0.1875860606060606
56,2021-12-20,303.5666809082031,307.2300109863281,297.7966613769531,299.9800109863281,299.9800109863281,56480100,TSLA,2021-12-20,0.1796490909090909
57,2021-12-21,305.6233215332031,313.1666564941406,295.3733215332031,312.84332275390625,312.84332275390625,71517900,TSLA,2021-12-21,0.1222686274509804
58,2021-12-22,321.8866577148437,338.5533447265625,319.01666259765625,336.2900085449219,336.2900085449219,93634200,TSLA,2021-12-22,0.2007520958083832
59,2021-12-23,335.6000061035156,357.6600036621094,332.5199890136719,355.6666564941406,355.6666564941406,92713200,TSLA,2021-12-23,0.30449965753424657
60,2021-12-27,357.8900146484375,372.3333435058594,356.9066772460937,364.6466674804688,364.6466674804688,71145900,TSLA,2021-12-27,0.18804797687861272
61,2021-12-28,369.8299865722656,373.0,359.47332763671875,362.8233337402344,362.8233337402344,60324000,TSLA,2021-12-28,0.2334952380952381
62,2021-12-29,366.21331787109375,368.0,354.7133178710937,362.0633239746094,362.0633239746094,56154000,TSLA,2021-12-29,0.13090838323353293
63,2021-12-30,353.77667236328125,365.1833190917969,351.04998779296875,356.7799987792969,356.7799987792969,47040900,TSLA,2021-12-30,0.11626178861788618
64,2021-12-31,357.8133239746094,360.6666564941406,351.5299987792969,352.260009765625,352.260009765625,40733700,TSLA,2021-12-31,0.1941269035532995
65,2022-01-03,382.5833435058594,400.3566589355469,378.6799926757813,399.9266662597656,399.9266662597656,103931400,TSLA,2022-01-03,0.152747233201581
66,2022-01-04,396.51666259765625,402.6666564941406,374.3500061035156,383.1966552734375,383.1966552734375,100248300,TSLA,2022-01-04,0.08834928571428571
67,2022-01-05,382.2166748046875,390.11334228515625,360.336669921875,362.7066650390625,362.7066650390625,80119800,TSLA,2022-01-05,0.08647727272727272
68,2022-01-06,359.0,362.6666564941406,340.1666564941406,354.8999938964844,354.8999938964844,90336600,TSLA,2022-01-06,0.14673418803418803
69,2022-01-07,360.1233215332031,360.30999755859375,336.6666564941406,342.32000732421875,342.32000732421875,84164700,TSLA,2022-01-07,0.1420915887850467
70,2022-01-10,333.3333435058594,353.0333251953125,326.6666564941406,352.7066650390625,352.7066650390625,91815000,TSLA,2022-01-10,0.17378834951456312
71,2022-01-11,351.22332763671875,358.6166687011719,346.2733459472656,354.79998779296875,354.79998779296875,66063300,TSLA,2022-01-11,0.1962321100917431
72,2022-01-12,359.6166687011719,371.61334228515625,357.5299987792969,368.739990234375,368.739990234375,83739000,TSLA,2022-01-12,0.15963061224489797
73,2022-01-13,369.6900024414063,371.8666687011719,342.17999267578125,343.85333251953125,343.85333251953125,97209900,TSLA,2022-01-13,0.10902179487179488
74,2022-01-14,339.9599914550781,350.6666564941406,337.7933349609375,349.8699951171875,349.8699951171875,72924300,TSLA,2022-01-14,0.15945116959064326
75,2022-01-18,342.2033386230469,356.92999267578125,338.6866760253906,343.5033264160156,343.5033264160156,66743400,TSLA,2022-01-18,0.16989005847953215
76,2022-01-19,347.2366638183594,351.5566711425781,331.6666564941406,331.8833312988281,331.8833312988281,75442500,TSLA,2022-01-19,0.10213267326732674
77,2022-01-20,336.57666015625,347.2200012207031,331.3333435058594,332.0899963378906,332.0899963378906,70488600,TSLA,2022-01-20,0.1835576923076923
78,2022-01-21,332.11334228515625,334.8500061035156,313.5,314.6333312988281,314.6333312988281,103416000,TSLA,2022-01-21,0.10608632478632479
79,2022-01-24,301.586669921875,311.1700134277344,283.8233337402344,310.0,310.0,151565700,TSLA,2022-01-24,0.0926711111111111
80,2022-01-25,304.7333374023437,317.086669921875,301.07000732421875,306.1333312988281,306.1333312988281,86595900,TSLA,2022-01-25,0.14120382165605097
81,2022-01-26,317.4766540527344,329.2300109863281,302.0,312.4700012207031,312.4700012207031,104867400,TSLA,2022-01-26,0.16615382165605094
82,2022-01-27,311.1199951171875,311.7966613769531,276.3333435058594,276.3666687011719,276.3666687011719,147109500,TSLA,2022-01-27,0.0837212927756654
83,2022-01-28,277.1866760253906,285.8333435058594,264.0033264160156,282.1166687011719,282.1166687011719,134789100,TSLA,2022-01-28,0.1643658181818182
84,2022-01-31,290.9033203125,312.663330078125,287.3500061035156,312.239990234375,312.239990234375,104436000,TSLA,2022-01-31,0.1627937198067633
85,2022-02-01,311.7366638183594,314.5666809082031,301.6666564941406,310.4166564941406,310.4166564941406,73138200,TSLA,2022-02-01,0.1495763157894737
86,2022-02-02,309.3933410644531,310.5,296.4700012207031,301.8866577148437,301.8866577148437,66792900,TSLA,2022-02-02,0.13731354166666668
87,2022-02-03,294.0,312.3333435058594,293.50665283203125,297.0466613769531,297.0466613769531,78855600,TSLA,2022-02-03,0.127096
88,2022-02-04,299.0733337402344,312.1666564941406,293.72332763671875,307.7733459472656,307.7733459472656,73625400,TSLA,2022-02-04,0.29998486842105265
89,2022-02-07,307.92999267578125,315.92333984375,300.9033203125,302.4466552734375,302.4466552734375,60994500,TSLA,2022-02-07,0.1641144927536232
90,2022-02-08,301.84332275390625,308.7633361816406,298.26666259765625,307.3333435058594,307.3333435058594,50729100,TSLA,2022-02-08,0.20928636363636363
91,2022-02-09,311.6666564941406,315.42333984375,306.6666564941406,310.6666564941406,310.6666564941406,52259400,TSLA,2022-02-09,0.13712988505747128
92,2022-02-10,302.7900085449219,314.60333251953125,298.8999938964844,301.51666259765625,301.51666259765625,66126900,TSLA,2022-02-10,0.14758676470588236
93,2022-02-11,303.2099914550781,305.32000732421875,283.5666809082031,286.6666564941406,286.6666564941406,79645800,TSLA,2022-02-11,0.08747018633540372
94,2022-02-14,287.19000244140625,299.6266784667969,284.3833312988281,291.9200134277344,291.9200134277344,67756500,TSLA,2022-02-14,0.19576768292682925
95,2022-02-15,300.0,307.6666564941406,297.7933349609375,307.4766540527344,307.4766540527344,57286200,TSLA,2022-02-15,0.2872863636363636
96,2022-02-16,304.6833190917969,308.8099975585937,300.4033203125,307.7966613769531,307.7966613769531,51294300,TSLA,2022-02-16,0.15217999999999998
97,2022-02-17,304.4200134277344,306.1666564941406,291.3666687011719,292.1166687011719,292.1166687011719,55178400,TSLA,2022-02-17,0.11456372549019607
98,2022-02-18,295.3333435058594,295.6233215332031,279.2033386230469,285.6600036621094,285.6600036621094,68501700,TSLA,2022-02-18,0.16284570135746607
99,2022-02-22,278.0433349609375,285.57666015625,267.0333251953125,273.84332275390625,273.84332275390625,83288100,TSLA,2022-02-22,0.14192344827586206
100,2022-02-23,276.8099975585937,278.4333190917969,253.5200042724609,254.67999267578125,254.67999267578125,95256900,TSLA,2022-02-23,0.10226688311688312
101,2022-02-24,233.4633331298828,267.49334716796875,233.3333282470703,266.92333984375,266.92333984375,135322200,TSLA,2022-02-24,-0.0017047169811320794
102,2022-02-25,269.74334716796875,273.1666564941406,260.79998779296875,269.9566650390625,269.9566650390625,76067700,TSLA,2022-02-25,0.1176436170212766
103,2022-02-28,271.6700134277344,292.28668212890625,271.57000732421875,290.1433410644531,290.1433410644531,99006900,TSLA,2022-02-28,0.195331654676259
104,2022-03-01,289.8933410644531,296.6266784667969,284.59332275390625,288.1233215332031,288.1233215332031,74766900,TSLA,2022-03-01,0.22179473684210527
105,2022-03-02,290.7099914550781,295.49334716796875,281.42333984375,293.2966613769531,293.2966613769531,74643300,TSLA,2022-03-02,0.1665954022988506
106,2022-03-03,292.92333984375,295.4800109863281,277.5333251953125,279.7633361816406,279.7633361816406,61623600,TSLA,2022-03-03,0.19142333333333333
107,2022-03-04,283.0333251953125,285.2166748046875,275.0533447265625,279.42999267578125,279.42999267578125,66999600,TSLA,2022-03-04,0.24807887323943664
108,2022-03-07,285.4333190917969,288.7133178710937,268.19000244140625,268.1933288574219,268.1933288574219,72494100,TSLA,2022-03-07,0.21433333333333332
109,2022-03-08,265.1766662597656,283.3299865722656,260.72332763671875,274.79998779296875,274.79998779296875,80399100,TSLA,2022-03-08,0.1541009900990099
110,2022-03-09,279.82666015625,286.85333251953125,277.336669921875,286.3233337402344,286.3233337402344,59184000,TSLA,2022-03-09,0.19655348837209302
111,2022-03-10,283.8166809082031,284.8166809082031,270.1199951171875,279.4333190917969,279.4333190917969,58648500,TSLA,2022-03-10,0.1485450980392157
112,2022-03-11,280.0666809082031,281.26666259765625,264.5899963378906,265.1166687011719,265.1166687011719,67037100,TSLA,2022-03-11,0.06470780141843972
113,2022-03-14,260.2033386230469,266.8999938964844,252.01333618164065,255.4566650390625,255.4566650390625,71152200,TSLA,2022-03-14,0.060457777777777784
114,2022-03-15,258.42333984375,268.5233459472656,252.19000244140625,267.2966613769531,267.2966613769531,66841200,TSLA,2022-03-15,0.12864242424242425
115,2022-03-16,269.6666564941406,280.6666564941406,267.4200134277344,280.07666015625,280.07666015625,84028800,TSLA,2022-03-16,0.12020243902439025
116,2022-03-17,276.9966735839844,291.6666564941406,275.239990234375,290.5333251953125,290.5333251953125,66582900,TSLA,2022-03-17,0.23818395061728395
117,2022-03-18,291.4966735839844,302.6166687011719,289.1300048828125,301.7966613769531,301.7966613769531,100414200,TSLA,2022-03-18,0.2402766917293233
118,2022-03-21,304.99334716796875,314.2833251953125,302.36334228515625,307.0533447265625,307.0533447265625,81981600,TSLA,2022-03-21,0.112613986013986
119,2022-03-22,310.0,332.6199951171875,307.25,331.32666015625,331.32666015625,105868500,TSLA,2022-03-22,0.22346697247706424
120,2022-03-23,326.64666748046875,346.8999938964844,325.4666748046875,333.03668212890625,333.03668212890625,120676200,TSLA,2022-03-23,0.17491705426356588
121,2022-03-24,336.57666015625,341.4966735839844,329.6000061035156,337.97332763671875,337.97332763671875,68920800,TSLA,2022-03-24,0.235261
122,2022-03-25,336.0,340.6000061035156,332.44000244140625,336.8800048828125,336.8800048828125,62031600,TSLA,2022-03-25,0.20449230769230767
123,2022-03-28,355.0333251953125,365.9599914550781,351.20001220703125,363.9466552734375,363.9466552734375,102506100,TSLA,2022-03-28,0.14584149659863946
124,2022-03-29,369.3299865722656,371.5899963378906,357.7033386230469,366.5233459472656,366.5233459472656,73614900,TSLA,2022-03-29,0.20204757281553398
125,2022-03-30,363.7233276367188,371.3166809082031,361.3333435058594,364.663330078125,364.663330078125,59865000,TSLA,2022-03-30,0.09317551020408163
126,2022-03-31,364.8566589355469,367.71331787109375,358.8800048828125,359.20001220703125,359.20001220703125,48992700,TSLA,2022-03-31,0.2005815217391304
127,2022-04-01,360.3833312988281,364.9166564941406,355.5466613769531,361.5299987792969,361.5299987792969,54263100,TSLA,2022-04-01,0.15728675213675214
128,2022-04-04,363.1266784667969,383.3033447265625,357.510009765625,381.8166809082031,381.8166809082031,82035900,TSLA,2022-04-04,0.19633508771929825
129,2022-04-05,378.76666259765625,384.2900085449219,362.4333190917969,363.7533264160156,363.7533264160156,80075100,TSLA,2022-04-05,0.14364732142857142
130,2022-04-06,357.8233337402344,359.6666564941406,342.5666809082031,348.586669921875,348.586669921875,89348400,TSLA,2022-04-06,0.155825
131,2022-04-07,350.7966613769531,358.86334228515625,340.5133361816406,352.4200134277344,352.4200134277344,79447200,TSLA,2022-04-07,0.2078173611111111
132,2022-04-08,347.7366638183594,349.4800109863281,340.8133239746094,341.8299865722656,341.8299865722656,55013700,TSLA,2022-04-08,0.2766848101265823
133,2022-04-11,326.79998779296875,336.1566772460937,324.8800048828125,325.3099975585937,325.3099975585937,59357100,TSLA,2022-04-11,0.1961870056497175
134,2022-04-12,332.5466613769531,340.39666748046875,325.5333251953125,328.9833374023437,328.9833374023437,65976000,TSLA,2022-04-12,0.13350851063829786
135,2022-04-13,327.02667236328125,342.0799865722656,324.3666687011719,340.7900085449219,340.7900085449219,55121100,TSLA,2022-04-13,0.10058876404494382
136,2022-04-14,333.0966796875,337.57000732421875,327.39666748046875,328.3333435058594,328.3333435058594,58422300,TSLA,2022-04-14,0.12917049689440993
137,2022-04-18,329.6766662597656,338.3066711425781,324.4700012207031,334.7633361816406,334.7633361816406,51715200,TSLA,2022-04-18,0.1090573033707865
138,2022-04-19,335.0199890136719,344.9800109863281,331.77667236328125,342.7166748046875,342.7166748046875,49847700,TSLA,2022-04-19,0.09598247422680412
139,2022-04-20,343.3333435058594,344.6666564941406,325.0833435058594,325.7333374023437,325.7333374023437,70711200,TSLA,2022-04-20,0.1565842857142857
140,2022-04-21,358.24334716796875,364.0733337402344,332.1400146484375,336.260009765625,336.260009765625,105416400,TSLA,2022-04-21,0.1495218446601942
141,2022-04-22,338.3033447265625,344.95001220703125,331.3333435058594,335.01666259765625,335.01666259765625,69696600,TSLA,2022-04-22,0.06114027777777778
142,2022-04-25,326.3233337402344,336.2066650390625,325.1000061035156,332.67333984375,332.67333984375,68341200,TSLA,2022-04-25,0.19888253275109172
143,2022-04-26,331.8099975585937,333.3333435058594,291.6666564941406,292.1400146484375,292.1400146484375,136133700,TSLA,2022-04-26,0.09514792626728111
144,2022-04-27,299.52667236328125,306.0,292.4533386230469,293.836669921875,293.836669921875,76956300,TSLA,2022-04-27,0.13265853658536586
145,2022-04-28,299.99334716796875,300.0,273.8999938964844,292.5033264160156,292.5033264160156,124948500,TSLA,2022-04-28,0.14080579710144928
146,2022-04-29,300.75,311.4666748046875,290.0,290.2533264160156,290.2533264160156,88133100,TSLA,2022-04-29,0.2063075
147,2022-05-02,286.92333984375,302.1199951171875,282.6766662597656,300.9800109863281,300.9800109863281,75781500,TSLA,2022-05-02,0.2139147928994083
148,2022-05-03,301.0599975585937,308.02667236328125,296.1966552734375,303.0833435058594,303.0833435058594,63709500,TSLA,2022-05-03,0.19652394366197184
149,2022-05-04,301.3133239746094,318.5,295.09332275390625,317.5400085449219,317.5400085449219,81643800,TSLA,2022-05-04,0.15473297872340425
150,2022-05-05,313.00665283203125,315.20001220703125,285.8999938964844,291.09332275390625,291.09332275390625,92519100,TSLA,2022-05-05,0.17377373737373739
151,2022-05-06,295.6666564941406,296.0,281.03668212890625,288.54998779296875,288.54998779296875,72903000,TSLA,2022-05-06,0.14494186046511628
152,2022-05-09,278.8166809082031,281.8766784667969,260.3833312988281,262.3699951171875,262.3699951171875,90810300,TSLA,2022-05-09,0.12244270833333333
153,2022-05-10,273.10333251953125,275.1199951171875,258.0833435058594,266.67999267578125,266.67999267578125,84401700,TSLA,2022-05-10,0.08600342465753424
154,2022-05-11,265.0,269.92333984375,242.3999938964844,244.6666717529297,244.6666717529297,97224600,TSLA,2022-05-11,0.07248029197080293
155,2022-05-12,233.6666717529297,253.22000122070312,226.6666717529297,242.6666717529297,242.6666717529297,140313000,TSLA,2022-05-12,0.10212919708029197
156,2022-05-13,257.82666015625,262.45001220703125,250.52333068847656,256.5299987792969,256.5299987792969,92150700,TSLA,2022-05-13,0.163096
157,2022-05-16,255.72000122070312,256.586669921875,239.69667053222656,241.4566650390625,241.4566650390625,86098500,TSLA,2022-05-16,0.06117738095238095
158,2022-05-17,249.1199951171875,254.82666015625,242.9499969482422,253.8699951171875,253.8699951171875,80236200,TSLA,2022-05-17,0.04847411764705883
159,2022-05-18,248.17333984375,253.5,233.60333251953125,236.60333251953125,236.60333251953125,87811800,TSLA,2022-05-18,0.05362824427480916
160,2022-05-19,235.6666717529297,244.6666717529297,231.3699951171875,236.47332763671875,236.47332763671875,90296700,TSLA,2022-05-19,0.07465985915492958
161,2022-05-20,237.9966735839844,240.52667236328125,211.0,221.3000030517578,221.3000030517578,144973200,TSLA,2022-05-20,0.08699555555555555
162,2022-05-23,218.33999633789065,226.65333557128903,212.6866607666016,224.96665954589844,224.96665954589844,88903500,TSLA,2022-05-23,0.07213588516746411
163,2022-05-24,217.8433380126953,217.97332763671875,206.85667419433597,209.3866729736328,209.3866729736328,89092500,TSLA,2022-05-24,0.11680774647887324
164,2022-05-25,207.9499969482422,223.10667419433597,207.6699981689453,219.6000061035156,219.6000061035156,92139300,TSLA,2022-05-25,0.07658046874999999
165,2022-05-26,220.47332763671875,239.55667114257807,217.8866729736328,235.91000366210935,235.91000366210935,106003200,TSLA,2022-05-26,0.21736279069767442
166,2022-05-27,241.0833282470703,253.26666259765625,240.1766662597656,253.2100067138672,253.2100067138672,89295000,TSLA,2022-05-27,0.19464953703703702
167,2022-05-31,257.9466552734375,259.6000061035156,244.7433319091797,252.7533264160156,252.7533264160156,101914500,TSLA,2022-05-31,0.1775967213114754
168,2022-06-01,251.72000122070312,257.32666015625,243.63999938964844,246.7899932861328,246.7899932861328,77247900,TSLA,2022-06-01,0.14127934782608695
169,2022-06-02,244.1566619873047,264.2099914550781,242.0666656494141,258.3333435058594,258.3333435058594,93473100,TSLA,2022-06-02,0.200656
170,2022-06-03,243.22666931152344,247.79666137695312,233.4166717529297,234.51666259765625,234.51666259765625,112393800,TSLA,2022-06-03,0.08827837837837837
171,2022-06-06,244.35333251953125,244.86666870117188,234.3500061035156,238.27999877929688,238.27999877929688,84204600,TSLA,2022-06-06,0.033642000000000005
172,2022-06-07,234.0,239.9966735839844,230.0933380126953,238.8866729736328,238.8866729736328,72808500,TSLA,2022-06-07,0.1115126582278481
173,2022-06-08,240.086669921875,249.9633331298828,239.1766662597656,241.86666870117188,241.86666870117188,76210500,TSLA,2022-06-08,0.1560235294117647
174,2022-06-09,249.33999633789065,255.54666137695312,239.32666015625,239.7066650390625,239.7066650390625,96491400,TSLA,2022-06-09,0.23521803278688524
175,2022-06-10,235.1566619873047,239.5,227.913330078125,232.22999572753903,232.22999572753903,97536600,TSLA,2022-06-10,0.17949430051813473
176,2022-06-13,223.1666717529297,226.63333129882807,214.68333435058597,215.73666381835935,215.73666381835935,102767400,TSLA,2022-06-13,0.12682585034013605
177,2022-06-14,218.2866668701172,226.3300018310547,211.73666381835935,220.88999938964844,220.88999938964844,97988700,TSLA,2022-06-14,0.1481958904109589
178,2022-06-15,220.9166717529297,235.663330078125,218.1499938964844,233.0,233.0,119131800,TSLA,2022-06-15,0.22947840909090908
179,2022-06-16,222.73666381835935,225.1666717529297,208.69332885742188,213.1000061035156,213.1000061035156,107390700,TSLA,2022-06-16,0.11748452380952382
180,2022-06-17,213.43333435058597,220.97000122070312,213.19667053222656,216.75999450683597,216.75999450683597,92641800,TSLA,2022-06-17,0.11402088607594936
181,2022-06-21,224.60333251953125,243.57666015625,224.3333282470703,237.0366668701172,237.0366668701172,122793000,TSLA,2022-06-21,0.16732923076923079
182,2022-06-22,234.5033264160156,246.8333282470703,233.82666015625,236.086669921875,236.086669921875,101107500,TSLA,2022-06-22,0.13185102040816327
183,2022-06-23,237.9066619873047,239.3166656494141,228.6366729736328,235.07000732421875,235.07000732421875,104202600,TSLA,2022-06-23,0.01847820512820512
184,2022-06-24,237.47000122070312,246.0666656494141,236.086669921875,245.7066650390625,245.7066650390625,95770800,TSLA,2022-06-24,0.16069680851063828
185,2022-06-27,249.36666870117188,252.07000732421875,242.5666656494141,244.9199981689453,244.9199981689453,89178300,TSLA,2022-06-27,0.20369462365591398
186,2022-06-28,244.48333740234372,249.97000122070312,232.3433380126953,232.663330078125,232.663330078125,90391200,TSLA,2022-06-28,0.18221470588235295
187,2022-06-29,230.5,231.17333984375,222.27333068847656,228.4900054931641,228.4900054931641,82897200,TSLA,2022-06-29,0.12530125
188,2022-06-30,224.50999450683597,229.4566650390625,218.8633270263672,224.47332763671875,224.47332763671875,94600500,TSLA,2022-06-30,0.06934285714285715
189,2022-07-01,227.0,230.22999572753903,222.1199951171875,227.26333618164065,227.26333618164065,74460300,TSLA,2022-07-01,0.16921376146788988
190,2022-07-05,223.0,233.14666748046875,216.1666717529297,233.0666656494141,233.0666656494141,84581100,TSLA,2022-07-05,0.08941333333333333
191,2022-07-06,230.77999877929688,234.56333923339844,227.1866607666016,231.73333740234372,231.73333740234372,71853600,TSLA,2022-07-06,0.1881448717948718
192,2022-07-07,233.9199981689453,245.3633270263672,232.2100067138672,244.5433349609375,244.5433349609375,81930600,TSLA,2022-07-07,0.05054782608695652
193,2022-07-08,242.3333282470703,254.97999572753903,241.16000366210935,250.76333618164065,250.76333618164065,101854200,TSLA,2022-07-08,0.21525606936416186
194,2022-07-11,252.10333251953125,253.06333923339844,233.6266632080078,234.3433380126953,234.3433380126953,99241200,TSLA,2022-07-11,0.13458029197080293
195,2022-07-12,236.8466644287109,239.77333068847656,228.3699951171875,233.07000732421875,233.07000732421875,87930900,TSLA,2022-07-12,0.07257532467532468
196,2022-07-13,225.5,242.05999755859372,225.0333404541016,237.0399932861328,237.0399932861328,97954500,TSLA,2022-07-13,0.11947747747747749
197,2022-07-14,234.89666748046875,238.65333557128903,229.3333282470703,238.31333923339844,238.31333923339844,78557400,TSLA,2022-07-14,0.1959125
198,2022-07-15,240.0,243.6233367919922,236.88999938964844,240.0666656494141,240.0666656494141,69683100,TSLA,2022-07-15,0.11262884615384615
199,2022-07-18,244.9366607666016,250.51666259765625,239.60333251953125,240.54666137695312,240.54666137695312,82537500,TSLA,2022-07-18,0.19058076923076922
200,2022-07-19,245.0,247.13999938964844,236.97666931152344,245.52999877929688,245.52999877929688,80890200,TSLA,2022-07-19,0.10252417582417583
201,2022-07-20,246.7833404541016,250.663330078125,243.48333740234372,247.5,247.5,88864200,TSLA,2022-07-20,0.09333234200743494
202,2022-07-21,255.10667419433597,273.26666259765625,254.86666870117188,271.7066650390625,271.7066650390625,142032300,TSLA,2022-07-21,0.1324643216080402
203,2022-07-22,276.2200012207031,280.78668212890625,270.7133178710937,272.24334716796875,272.24334716796875,103472700,TSLA,2022-07-22,0.17527769230769233
204,2022-07-25,272.2166748046875,274.14666748046875,267.3999938964844,268.4333190917969,268.4333190917969,64073400,TSLA,2022-07-25,0.19679444444444444
205,2022-07-26,266.5133361816406,267.3099975585937,256.2633361816406,258.8599853515625,258.8599853515625,66820800,TSLA,2022-07-26,0.09887105263157894
206,2022-07-27,263.8099975585937,275.9266662597656,261.7900085449219,274.82000732421875,274.82000732421875,88110000,TSLA,2022-07-27,0.1267825396825397
207,2022-07-28,280.0666809082031,283.29998779296875,272.79998779296875,280.8999938964844,280.8999938964844,84723000,TSLA,2022-07-28,0.2707659340659341
208,2022-07-29,280.70001220703125,298.32000732421875,279.1000061035156,297.1499938964844,297.1499938964844,95313000,TSLA,2022-07-29,0.16941324503311259
209,2022-08-01,301.27667236328125,311.8766784667969,295.0,297.27667236328125,297.27667236328125,117042900,TSLA,2022-08-01,0.14785149253731344
210,2022-08-02,294.0033264160156,307.8333435058594,292.6666564941406,300.586669921875,300.586669921875,95577600,TSLA,2022-08-02,0.21396436781609193
211,2022-08-03,305.0,309.54998779296875,301.1499938964844,307.39666748046875,307.39666748046875,80091000,TSLA,2022-08-03,0.1884032967032967
212,2022-08-04,311.0,313.6066589355469,305.0,308.6333312988281,308.6333312988281,72256200,TSLA,2022-08-04,0.15278083832335332
213,2022-08-05,302.6700134277344,304.6066589355469,285.5433349609375,288.1700134277344,288.1700134277344,113172900,TSLA,2022-08-05,0.22951441860465116
214,2022-08-08,295.0,305.20001220703125,289.086669921875,290.42333984375,290.42333984375,98994000,TSLA,2022-08-08,0.16232585034013605
215,2022-08-09,290.2933349609375,292.39666748046875,279.35333251953125,283.3333435058594,283.3333435058594,86244600,TSLA,2022-08-09,0.08343301886792452
216,2022-08-10,297.0666809082031,297.510009765625,283.3699951171875,294.3566589355469,294.3566589355469,94918800,TSLA,2022-08-10,0.16940622009569378
217,2022-08-11,296.5133361816406,298.2366638183594,285.8333435058594,286.6300048828125,286.6300048828125,70155000,TSLA,2022-08-11,0.15543578947368422
218,2022-08-12,289.4166564941406,300.1600036621094,285.0333251953125,300.0299987792969,300.0299987792969,79657200,TSLA,2022-08-12,0.16498924050632913
219,2022-08-15,301.78668212890625,313.1333312988281,301.2300109863281,309.32000732421875,309.32000732421875,89359200,TSLA,2022-08-15,0.1663164835164835
220,2022-08-16,311.6666564941406,314.6666564941406,302.8833312988281,306.5633239746094,306.5633239746094,88136400,TSLA,2022-08-16,0.17509278350515467
221,2022-08-17,303.39666748046875,309.6566772460937,300.0333251953125,303.9966735839844,303.9966735839844,68766000,TSLA,2022-08-17,0.032533043478260866
222,2022-08-18,306.0,306.5,301.85333251953125,302.8699951171875,302.8699951171875,47500500,TSLA,2022-08-18,0.15432391304347828
223,2022-08-19,299.0,300.3599853515625,292.5,296.6666564941406,296.6666564941406,61395300,TSLA,2022-08-19,0.23290000000000002
224,2022-08-22,291.913330078125,292.3999938964844,286.2966613769531,289.913330078125,289.913330078125,55843200,TSLA,2022-08-22,0.22562242424242424
225,2022-08-23,291.4533386230469,298.82666015625,287.92333984375,296.4533386230469,296.4533386230469,63984900,TSLA,2022-08-23,0.09376999999999999
226,2022-08-24,297.5633239746094,303.64666748046875,296.5,297.0966796875,297.0966796875,57259800,TSLA,2022-08-24,0.13134285714285715
227,2022-08-25,302.3599853515625,302.9599914550781,291.6000061035156,296.07000732421875,296.07000732421875,53230000,TSLA,2022-08-25,0.17651267605633805
228,2022-08-26,297.42999267578125,302.0,287.4700012207031,288.0899963378906,288.0899963378906,57163900,TSLA,2022-08-26,0.14644859154929576
229,2022-08-29,282.8299865722656,287.739990234375,280.70001220703125,284.82000732421875,284.82000732421875,41864700,TSLA,2022-08-29,0.1555908496732026
230,2022-08-30,287.8699951171875,288.4800109863281,272.6499938964844,277.70001220703125,277.70001220703125,50541800,TSLA,2022-08-30,0.19179647058823532
231,2022-08-31,280.6199951171875,281.25,271.8099975585937,275.6099853515625,275.6099853515625,52107300,TSLA,2022-08-31,0.19762812500000002
232,2022-09-01,272.5799865722656,277.5799865722656,266.1499938964844,277.1600036621094,277.1600036621094,54287000,TSLA,2022-09-01,0.16894102564102564
233,2022-09-02,281.07000732421875,282.3500061035156,269.0799865722656,270.2099914550781,270.2099914550781,50890100,TSLA,2022-09-02,0.2585930481283423
234,2022-09-06,272.67999267578125,275.989990234375,265.739990234375,274.4200134277344,274.4200134277344,55860000,TSLA,2022-09-06,0.12211538461538461
235,2022-09-07,273.1000061035156,283.8399963378906,272.2699890136719,283.70001220703125,283.70001220703125,50028900,TSLA,2022-09-07,0.17049887640449438
236,2022-09-08,281.29998779296875,289.5,279.760009765625,289.260009765625,289.260009765625,53713100,TSLA,2022-09-08,0.09314285714285714
237,2022-09-09,291.6700134277344,299.8500061035156,291.25,299.67999267578125,299.67999267578125,54338100,TSLA,2022-09-09,0.1534235294117647
238,2022-09-12,300.7200012207031,305.489990234375,300.3999938964844,304.4200134277344,304.4200134277344,48674600,TSLA,2022-09-12,0.17069435483870968
239,2022-09-13,292.8999938964844,297.3999938964844,290.3999938964844,292.1300048828125,292.1300048828125,68229600,TSLA,2022-09-13,0.13173972602739728
240,2022-09-14,292.239990234375,306.0,291.6400146484375,302.6099853515625,302.6099853515625,72628700,TSLA,2022-09-14,0.1396925925925926
241,2022-09-15,301.8299865722656,309.1199951171875,300.7200012207031,303.75,303.75,64795500,TSLA,2022-09-15,0.1776287234042553
242,2022-09-16,299.6099853515625,303.7099914550781,295.6000061035156,303.3500061035156,303.3500061035156,87087800,TSLA,2022-09-16,0.20533245033112585
243,2022-09-19,300.0899963378906,309.8399963378906,297.79998779296875,309.07000732421875,309.07000732421875,60231200,TSLA,2022-09-19,0.17283642857142856
244,2022-09-20,306.9100036621094,313.3299865722656,305.5799865722656,308.7300109863281,308.7300109863281,61642800,TSLA,2022-09-20,0.050609876543209864
245,2022-09-21,308.2900085449219,313.79998779296875,300.6300048828125,300.79998779296875,300.79998779296875,62555700,TSLA,2022-09-21,0.12490740740740741
246,2022-09-22,299.8599853515625,301.2900085449219,285.82000732421875,288.5899963378906,288.5899963378906,70545400,TSLA,2022-09-22,0.09827951807228916
247,2022-09-23,283.0899963378906,284.5,272.82000732421875,275.3299865722656,275.3299865722656,63748400,TSLA,2022-09-23,0.17781102362204726
248,2022-09-26,271.8299865722656,284.0899963378906,270.3099975585937,276.010009765625,276.010009765625,58076900,TSLA,2022-09-26,0.13004814814814813
249,2022-09-27,283.8399963378906,288.6700134277344,277.510009765625,282.94000244140625,282.94000244140625,61925200,TSLA,2022-09-27,0.18818823529411766
250,2022-09-28,283.0799865722656,289.0,277.57000732421875,287.8099975585937,287.8099975585937,54664800,TSLA,2022-09-28,0.12738266666666667
251,2022-09-29,282.760009765625,283.6499938964844,265.7799987792969,268.2099914550781,268.2099914550781,77620600,TSLA,2022-09-29,0.062028571428571426
